{
    "Umax": 1,
    "nd": 10.0,
    "rc": 1.0,
    "dt": 0.0005,
    "ranks": [
        1,
        1,
        1
    ],
    "L": 16,
    "domain": [
        60,
        16,
        16
    ],
    "mass": 1,
    "Re": 0.1,
    "Ma": 0.05,
    "t_end": 100000,
    "center": [
        8.0,
        8.0
    ],
    "radius": 7.0,
    "h": 0.28,
    "force": 0.163265306122449,
    "nu": 140.0,
    "timestamp": "2025-06-10T17:02:05.371504"
}