{
    "Umax": 1,
    "nd": 10.0,
    "rc": 1.0,
    "dt": 0.00019236024018296944,
    "ranks": [
        1,
        1,
        1
    ],
    "L": 16,
    "domain": [
        16,
        16,
        16
    ],
    "mass": 1,
    "Re": 0.1,
    "Ma": 0.02,
    "t_end": 1000000,
    "center": [
        8.0,
        8.0
    ],
    "radius": 7.0,
    "h": 0.28,
    "force": 11.428571428479263,
    "nu": 139.99999999887098,
    "timestamp": "2025-06-11T11:45:40.706567"
}